gene_id	baseMean	log2FoldChange	lfcSE	pvalue	padj
ENSMUSG00000023978	309.50335903	0.0675196	0.43317726	0.02785891	0.8290138
ENSMUSG00000030324	1881.77922741	0.09828616	0.53796704	0.01842954	0.6687507
ENSMUSG00000031450	195.24652216	1.24389	1.94196217	0.0009320593	0.1144103
ENSMUSG00000056055	582.61013659	0.0367582	0.30134219	0.05459635	0.999916
ENSMUSG00000025900	116.0176918	0.08567115	0.49901501	0.02170375	0.7104362
ENSMUSG00000026834	26.7141871	-0.004673906	0.08788618	0.4414694	0.999916
ENSMUSG00000025386	129.9629641	2.852145	2.08935098	0.0001461492	0.02391975
ENSMUSG00000059991	29.21412209	0.001556495	0.07722898	0.777487	0.999916
ENSMUSG00000056043	87.1516867	0.003762237	0.0939326	0.5434005	0.999916
ENSMUSG00000029491	211.64039506	0.02064294	0.19893278	0.09069556	0.999916
ENSMUSG00000035456	9.09593036	-0.00554476	0.10623202	0.4127545	0.999916
ENSMUSG00000062082	15.97229872	-0.006892128	0.12575422	0.3708666	0.999916
ENSMUSG00000020713	440.35889946	-0.003929767	0.09671816	0.5336259	0.999916
ENSMUSG00000053963	228.18179065	-0.0001051574	0.06760873	0.9845853	0.999916
ENSMUSG00000062372	37.01318022	0.01625992	0.15504431	0.1017124	0.999916
ENSMUSG00000068037	21.95734932	-0.008550411	0.11486216	0.2464537	0.999916
ENSMUSG00000020907	52.44323397	0.196745	0.7576986	0.007290576	0.4317746
ENSMUSG00000037446	90.17154289	0.07223225	0.41096356	0.01874562	0.6687507
ENSMUSG00000031789	109.3253255	0.01890632	0.17892296	0.09097165	0.999916
ENSMUSG00000078816	160.68021923	-0.00114682	0.07107565	0.8322359	0.999916
ENSMUSG00000057715	42.74479904	-0.002293136	0.07674621	0.6797191	0.999916
ENSMUSG00000025582	253.43066385	0.0003512584	0.06716249	0.9487858	0.999916
ENSMUSG00000026841	13.92858656	-0.005181566	0.09210078	0.406817	0.999916
ENSMUSG00000038255	38.96346013	0.0003107217	0.07553075	0.9543307	0.999916
ENSMUSG00000029335	40.52423822	-0.003783791	0.07434657	0.5123031	0.999916
ENSMUSG00000029151	57.95810517	-0.001367539	0.0785393	0.8048059	0.999916
ENSMUSG00000048087	36.23001355	-0.1475433	0.60969341	0.008022011	0.4376453
ENSMUSG00000029819	25.17020223	-0.0006606147	0.07290235	0.9024631	0.999916
ENSMUSG00000090675	14.01332817	0.0004010811	0.09878912	0.9508981	0.999916
ENSMUSG00000032174	128.66496183	0.000185545	0.07258696	0.9724732	0.999916
ENSMUSG00000050600	31.18950249	0.0005205305	0.06988672	0.9230716	0.999916
ENSMUSG00000074575	25.95003594	-0.001291777	0.07262946	0.8117136	0.999916
ENSMUSG00000046999	10.51878178	-0.001800214	0.0864112	0.7577651	0.999916
ENSMUSG00000048483	9.36679799	-0.002278347	0.08844346	0.7008002	0.999916
ENSMUSG00000027270	34.44651842	0.00127385	0.07296655	0.8142909	0.999916
ENSMUSG00000070570	749.40260454	0.02098905	0.18535041	0.07507861	0.999916
ENSMUSG00000024575	224.91921024	0.3911265	1.04315216	0.002885378	0.2575856
ENSMUSG00000059003	348.28287509	-0.003443492	0.07322009	0.5469605	0.999916
ENSMUSG00000029054	26.78385172	-3.514804e-05	0.07533838	0.9948253	0.999916
ENSMUSG00000027849	57.73973149	0.005830249	0.08517834	0.3495693	0.999916
ENSMUSG00000034796	46.86164852	-0.002124183	0.07020459	0.7011198	0.999916
ENSMUSG00000028222	63.74936532	-0.006291713	0.0825894	0.3198158	0.999916
ENSMUSG00000053025	450.69857267	0.001937011	0.0684696	0.727535	0.999916
ENSMUSG00000047935	32.90346673	0.005181387	0.08861585	0.4005585	0.999916
ENSMUSG00000035033	64.46485474	0.001714146	0.07295934	0.7535484	0.999916
ENSMUSG00000026163	172.8863289	-0.006022906	0.08728671	0.3387994	0.999916
ENSMUSG00000030209	895.1672157	-0.007977286	0.09414511	0.2415481	0.999916
ENSMUSG00000053310	225.05301283	0.001217048	0.06585501	0.828488	0.999916
ENSMUSG00000060371	241.08038317	-0.01839959	0.17320347	0.09150467	0.999916
ENSMUSG00000036480	25.30777545	-0.009050814	0.11102803	0.218502	0.999916
ENSMUSG00000027978	24.1792139	0.0007075034	0.07118103	0.8955124	0.999916
ENSMUSG00000099016	12.36119009	-0.01781158	0.20406374	0.1393694	0.999916
ENSMUSG00000026514	55.29140224	-0.0002638401	0.06902282	0.9610247	0.999916
ENSMUSG00000059213	832.04618345	-0.000450595	0.07107161	0.9332279	0.999916
ENSMUSG00000030905	52.03741674	-0.002664743	0.07394503	0.6327964	0.999916
ENSMUSG00000021255	74.85922347	0.001741294	0.08970067	0.7712386	0.999916
ENSMUSG00000026090	223.36860968	-7.782725e-05	0.06903429	0.9884932	0.999916
ENSMUSG00000010803	132.32704384	-0.001113057	0.07098174	0.8370501	0.999916
ENSMUSG00000061762	43.28357137	0.0232583	0.19334212	0.06278316	0.999916
ENSMUSG00000057132	165.55707876	0.06015331	0.34869966	0.01923342	0.6687507
ENSMUSG00000027296	54.05453058	-0.001848964	0.07326438	0.7355373	0.999916
ENSMUSG00000030376	228.53481958	-0.002204554	0.06943412	0.6921169	0.999916
ENSMUSG00000034452	159.35107941	0.02938976	0.2459722	0.05845768	0.999916
ENSMUSG00000098051	9.49444872	-0.0029702	0.09205397	0.6260162	0.999916
ENSMUSG00000033316	28.35434976	-0.001618072	0.07045487	0.7671315	0.999916
ENSMUSG00000039058	144.75093563	-0.002055427	0.06803972	0.7134449	0.999916
ENSMUSG00000024008	59.59618057	-0.005574369	0.09444094	0.3809054	0.999916
ENSMUSG00000051726	108.81983708	0.002618155	0.07069374	0.6403464	0.999916
ENSMUSG00000024617	1741.35068708	0.0003952589	0.06678334	0.9426142	0.999916
ENSMUSG00000029436	178.19178003	-0.003895716	0.07175815	0.504912	0.999916
ENSMUSG00000041014	52.84417626	-0.001490267	0.07071361	0.7843974	0.999916
ENSMUSG00000027350	263.14551134	-0.006165274	0.07802054	0.3286834	0.999916
ENSMUSG00000029712	35.50482584	0.002079278	0.0715014	0.7057571	0.999916
ENSMUSG00000044216	102.77564971	0.0005152702	0.07588409	0.9244969	0.999916
ENSMUSG00000032936	224.20755522	-0.00452041	0.07717453	0.4447642	0.999916
ENSMUSG00000022218	63.29656969	0.004677961	0.09760786	0.4633173	0.999916
ENSMUSG00000026358	53.85865838	-3.96079e-06	0.08377125	0.9994471	0.999916
ENSMUSG00000103129	5.40082793	-0.0148484	0.20545033	0.2168196	0.999916
ENSMUSG00000056158	58.47686799	-0.003466495	0.07209531	0.545848	0.999916
ENSMUSG00000021313	298.94822003	-0.001310493	0.06638159	0.8145776	0.999916
ENSMUSG00000052301	17.45824955	-0.001392364	0.07475012	0.7983471	0.999916
ENSMUSG00000044288	181.00357118	-0.001413355	0.06584319	0.8022259	0.999916
ENSMUSG00000096351	38.3505229	0.01164689	0.13779838	0.1745504	0.999916
ENSMUSG00000039106	21.07189619	-0.002831931	0.07745292	0.6146345	0.999916
ENSMUSG00000055078	23.72378261	-0.004958602	0.08535771	0.413674	0.999916
ENSMUSG00000055540	80.46643107	0.002184819	0.06986008	0.6939369	0.999916
ENSMUSG00000020436	87.26871057	-0.006758289	0.09169438	0.2991959	0.999916
ENSMUSG00000047495	71.20130037	-0.0004282089	0.06742028	0.937473	0.999916
ENSMUSG00000041911	33.56408411	-0.009307124	0.10579465	0.201881	0.999916
ENSMUSG00000025876	126.09816924	0.0008015198	0.06792826	0.8832092	0.999916
ENSMUSG00000104210	7.94679289	0.001504022	0.08601656	0.7960148	0.999916
ENSMUSG00000058248	98.95446013	0.001600754	0.07075099	0.7693056	0.999916
ENSMUSG00000022421	1300.99767053	0.0001144383	0.06433606	0.9839944	0.999916
ENSMUSG00000070695	79.71192897	-0.001097319	0.07029694	0.8394882	0.999916
ENSMUSG00000026344	102.56149402	-0.004186886	0.07012998	0.4830063	0.999916
ENSMUSG00000035864	859.64648859	0.0007085395	0.06654498	0.89789	0.999916
ENSMUSG00000004110	495.52321099	-0.005180677	0.07748686	0.3930489	0.999916
ENSMUSG00000045733	137.86271274	0.001077449	0.06675155	0.8457427	0.999916
ENSMUSG00000028838	63.73518904	0.0005041656	0.06781257	0.9262213	0.999916
ENSMUSG00000022015	66.47846591	0.002793725	0.09314229	0.6493226	0.999916
ENSMUSG00000067889	602.36992675	0.001230151	0.0685463	0.8220264	0.999916
ENSMUSG00000027971	168.06133354	0.001145175	0.07054199	0.8326114	0.999916
ENSMUSG00000025020	94.64880192	-0.01550888	0.12872063	0.09017848	0.999916
ENSMUSG00000054459	236.68202746	-0.004357815	0.06986966	0.4695041	0.999916
ENSMUSG00000038020	193.80459875	0.0001147819	0.0665765	0.9833404	0.999916
ENSMUSG00000037579	79.06231891	-0.000995692	0.07624546	0.8552686	0.999916
ENSMUSG00000045174	23.11726863	0.001940449	0.07685104	0.7254397	0.999916
ENSMUSG00000007944	63.5650234	0.002760447	0.07218558	0.6222422	0.999916
ENSMUSG00000046182	44.24058699	-9.117822e-05	0.06951019	0.9864957	0.999916
ENSMUSG00000041708	124.12249021	0.002808955	0.0671149	0.6279286	0.999916
ENSMUSG00000027834	139.83782158	0.001231212	0.06782085	0.8227731	0.999916
ENSMUSG00000022212	118.8980911	-0.001587816	0.06812954	0.773809	0.999916
ENSMUSG00000050164	15.03940233	0.003813741	0.08672013	0.5208971	0.999916
ENSMUSG00000045903	28.47875833	-0.01165657	0.12762872	0.1588771	0.999916
ENSMUSG00000040794	68.34031431	0.003844686	0.07636642	0.5057978	0.999916
ENSMUSG00000009216	107.09004272	-0.003031219	0.08462584	0.6020022	0.999916
ENSMUSG00000029420	155.84656837	-0.005675437	0.07596417	0.3606054	0.999916
ENSMUSG00000062593	108.65600793	0.0006014781	0.07844162	0.9130849	0.999916
ENSMUSG00000025576	154.19959199	-0.002577355	0.0705433	0.6453451	0.999916
ENSMUSG00000035653	62.04440855	-0.003695536	0.07110937	0.5249929	0.999916
ENSMUSG00000024064	25.26526273	-0.002966743	0.07516069	0.5978511	0.999916
ENSMUSG00000046093	631.36148448	-0.001697275	0.06512023	0.768006	0.999916
ENSMUSG00000022454	514.67526672	-0.0005774074	0.0645765	0.9191828	0.999916
ENSMUSG00000031376	80.64952235	-0.0009350702	0.06708991	0.8651353	0.999916
ENSMUSG00000044933	29.75493029	0.001886307	0.07041154	0.7314926	0.999916
ENSMUSG00000006711	37.76525453	-0.003480213	0.0727291	0.5436891	0.999916
ENSMUSG00000028785	157.25672145	-0.006282622	0.09153997	0.3272329	0.999916
ENSMUSG00000024041	6.09974781	0.001515833	0.10678283	0.8276578	0.999916
ENSMUSG00000039809	241.8511792	-0.009269296	0.08907681	0.1922841	0.999916
ENSMUSG00000086719	10.32658741	-0.003983823	0.10081823	0.5399571	0.999916
ENSMUSG00000034997	26.90930144	-0.0006175403	0.06954671	0.9089518	0.999916
ENSMUSG00000025189	85.61233699	-0.0007458828	0.06816917	0.891012	0.999916
ENSMUSG00000040125	286.01434431	-0.003032263	0.07906908	0.5930786	0.999916
ENSMUSG00000032452	93.18660646	-0.004732453	0.07376988	0.4303737	0.999916
ENSMUSG00000021680	14.84775145	-0.01949942	0.1899599	0.09493644	0.999916
ENSMUSG00000028289	115.19693507	-0.002156842	0.06751294	0.7022285	0.999916
ENSMUSG00000037428	121.67154593	-0.002631048	0.06980852	0.6402413	0.999916
ENSMUSG00000028033	71.62932301	-0.003404001	0.07153747	0.553011	0.999916
ENSMUSG00000042078	103.66079394	-0.001920039	0.06684936	0.733626	0.999916
ENSMUSG00000030134	204.60730609	-8.150307e-05	0.06532091	0.9883758	0.999916
ENSMUSG00000024672	81.82310989	-0.001622016	0.07702795	0.7683479	0.999916
ENSMUSG00000022357	16.24079138	0.003621273	0.10015632	0.5758435	0.999916
ENSMUSG00000032355	48.66500221	0.005341284	0.08175361	0.3813589	0.999916
ENSMUSG00000036264	23.60207853	-0.002896021	0.08316244	0.6149828	0.999916
ENSMUSG00000039059	79.33650368	-0.003921557	0.07516076	0.498733	0.999916
ENSMUSG00000000632	290.97226707	-0.005617746	0.07687453	0.3633846	0.999916
ENSMUSG00000000861	81.37801245	-0.001593007	0.07100404	0.7702382	0.999916
ENSMUSG00000000560	49.9610561	-0.001158031	0.06787143	0.8328639	0.999916
ENSMUSG00000017740	426.45578346	8.185354e-05	0.06465188	0.9884717	0.999916
ENSMUSG00000027489	35.78765477	0.0003698995	0.0706141	0.9451666	0.999916
ENSMUSG00000026959	309.38838464	-0.00208736	0.06663617	0.7135139	0.999916
ENSMUSG00000068696	66.68028931	0.001889223	0.07476585	0.7307027	0.999916
ENSMUSG00000064193	256.96465237	0.004810773	0.10639088	0.4768127	0.999916
ENSMUSG00000065922	30.08970436	0.2272202	0.80358292	0.005788187	0.4237148
ENSMUSG00000004961	87.41240936	0.0001176287	0.06762584	0.9827555	0.999916
ENSMUSG00000029878	62.85722711	-0.006651903	0.09050281	0.3039214	0.999916
ENSMUSG00000042388	287.3310489	0.002395556	0.06820363	0.6714911	0.999916
ENSMUSG00000064065	108.49592521	-0.005313761	0.07355352	0.3882354	0.999916
ENSMUSG00000007653	129.48116932	0.0002391359	0.06559028	0.9657684	0.999916
ENSMUSG00000054013	72.59398933	-0.002700861	0.07120387	0.6300711	0.999916
ENSMUSG00000056972	19.82716576	-0.01961654	0.19886047	0.1032036	0.999916
ENSMUSG00000040907	1820.65557014	0.0005056484	0.06535153	0.9280996	0.999916
ENSMUSG00000096146	8.39964114	0.002550391	0.09092749	0.6729439	0.999916
ENSMUSG00000023033	414.41973884	-0.0012596	0.06560798	0.8234082	0.999916
ENSMUSG00000052087	56.36521744	0.003704704	0.07399432	0.5202183	0.999916
ENSMUSG00000030137	12.02801825	-0.002391416	0.08110514	0.6727612	0.999916
ENSMUSG00000028176	179.95629252	-0.001075457	0.06785904	0.8444244	0.999916
ENSMUSG00000022577	103.39450726	-0.008634253	0.08873342	0.213253	0.999916
ENSMUSG00000018865	201.73939327	0.0005630361	0.06508836	0.9203768	0.999916
ENSMUSG00000059040	299.8043466	0.002671305	0.09395779	0.665774	0.999916
ENSMUSG00000061751	454.78624025	0.0003960881	0.06551328	0.9434499	0.999916
ENSMUSG00000069227	145.05975186	0.0007016714	0.0668318	0.8985432	0.999916
ENSMUSG00000034145	34.14117684	-0.001264865	0.06851593	0.8172381	0.999916
ENSMUSG00000062296	497.76251007	-0.007032801	0.08742056	0.2810412	0.999916
ENSMUSG00000058624	319.96728512	0.003202238	0.06858473	0.5807093	0.999916
ENSMUSG00000031932	21.85443973	0.0001224638	0.07256439	0.9818273	0.999916
ENSMUSG00000058360	3.20653955	-0.001295909	0.12206247	0.8708625	0.999916
ENSMUSG00000039037	121.49544307	0.001270041	0.06545713	0.8224405	0.999916
ENSMUSG00000046699	71.66858384	-0.009307051	0.09496321	0.1927081	0.999916
ENSMUSG00000084890	41.51491426	-0.005364596	0.09525427	0.3988319	0.999916
ENSMUSG00000055958	3.74388612	-3.809103e-05	0.10487224	0.995587	0.999916
ENSMUSG00000016150	107.06277852	-0.00531019	0.0744349	0.3869586	0.999916
ENSMUSG00000045349	65.54167435	-0.002102124	0.06855119	0.7064875	0.999916
ENSMUSG00000078591	25.12149897	-0.003065605	0.0778883	0.5881232	0.999916
ENSMUSG00000094626	61.03902192	-0.002188877	0.06708319	0.6996241	0.999916
ENSMUSG00000090061	37.98171232	0.004329569	0.08155136	0.4631949	0.999916
ENSMUSG00000089672	44.23374702	0.0004365812	0.07661475	0.9362017	0.999916
ENSMUSG00000078307	90.88846108	-0.001541252	0.0705141	0.7775252	0.999916
ENSMUSG00000032532	143.37163363	0.0002162452	0.06484482	0.9694426	0.999916
ENSMUSG00000022416	120.31280318	0.003609599	0.07434915	0.5293953	0.999916
ENSMUSG00000071567	52.16569477	0.002531596	0.07084159	0.6503835	0.999916
ENSMUSG00000008658	190.72863533	-0.0006204146	0.06606835	0.9109802	0.999916
ENSMUSG00000060257	15.951962	0.003735052	0.08614126	0.5278518	0.999916
ENSMUSG00000090071	245.1597921	0.009025275	0.09526802	0.2021661	0.999916
ENSMUSG00000060212	125.55875921	-0.0009326552	0.06508183	0.8691371	0.999916
ENSMUSG00000016346	345.69519468	-0.00309751	0.06856832	0.5916816	0.999916
ENSMUSG00000027220	189.49312508	-0.004385481	0.06958283	0.4682267	0.999916
ENSMUSG00000041380	35.72763186	-0.0003615736	0.0714415	0.9463687	0.999916
ENSMUSG00000040424	41.61433639	-0.001263942	0.06731387	0.8190474	0.999916
ENSMUSG00000057897	767.95138767	-0.0005608686	0.0653467	0.9203203	0.999916
ENSMUSG00000035226	57.03472554	-0.0005347293	0.06700731	0.9223242	0.999916
ENSMUSG00000063193	28.91451636	-5.399026e-05	0.07906619	0.9922068	0.999916
ENSMUSG00000024873	144.10640082	0.00129519	0.06553957	0.8188381	0.999916
ENSMUSG00000053395	84.87659923	0.004024242	0.07054816	0.4959941	0.999916
ENSMUSG00000044071	93.64286742	-0.004691579	0.07418388	0.4330023	0.999916
ENSMUSG00000027895	68.67168467	0.003055795	0.06999074	0.5923648	0.999916
ENSMUSG00000019146	29.10448444	-0.001133188	0.07082522	0.834227	0.999916
ENSMUSG00000028965	42.74216689	0.004696989	0.10030285	0.4690646	0.999916
ENSMUSG00000049583	262.34552996	-0.0005815769	0.06442032	0.918881	0.999916
ENSMUSG00000026141	18.97618644	0.004717345	0.08775832	0.4374682	0.999916
ENSMUSG00000104597	163.88534467	-0.004708901	0.07484652	0.4308432	0.999916
ENSMUSG00000041710	23.97926703	-0.02363974	0.19588428	0.06180529	0.999916
ENSMUSG00000052373	47.74103623	0.0007393261	0.06769367	0.8923263	0.999916
ENSMUSG00000027419	260.5016291	0.0007063541	0.06463877	0.9012358	0.999916
ENSMUSG00000052981	158.83341033	0.0008546073	0.06503182	0.8799666	0.999916
ENSMUSG00000045912	17.46231764	-0.006254307	0.09446235	0.333431	0.999916
ENSMUSG00000055409	38.92931396	-0.006017359	0.09107144	0.3437008	0.999916
ENSMUSG00000046550	3.95694307	-0.001819593	0.10237809	0.785251	0.999916
ENSMUSG00000021062	136.09142433	-0.003393635	0.07640362	0.5513947	0.999916
ENSMUSG00000036306	159.43235527	0.002567081	0.06790516	0.652258	0.999916
ENSMUSG00000074923	90.43245942	0.001850053	0.06667333	0.7430136	0.999916
ENSMUSG00000027965	15.24853252	-0.002504477	0.08211833	0.6603472	0.999916
ENSMUSG00000047658	55.47066841	0.001459316	0.06727051	0.7925987	0.999916
ENSMUSG00000076613	761.33936244	10.10528	1.0905787	2.731331e-21	2.682167e-18
ENSMUSG00000064293	68.43343933	-0.004564865	0.0724728	0.4458861	0.999916
ENSMUSG00000020990	10.53403696	0.0001399964	0.07961446	0.9798654	0.999916
ENSMUSG00000038738	1177.70629023	-0.0006536474	0.06383532	0.9102295	0.999916
ENSMUSG00000051062	16.54403262	0.004757537	0.08954964	0.4372741	0.999916
ENSMUSG00000027273	1052.78532382	0.0002035488	0.06389994	0.9718441	0.999916
ENSMUSG00000030302	666.14885143	0.0004865973	0.06544203	0.9306861	0.999916
ENSMUSG00000032564	33.13955952	0.006942902	0.10455175	0.3098558	0.999916
ENSMUSG00000030789	298.25613728	0.002415326	0.08045888	0.6687842	0.999916
ENSMUSG00000040452	15.45102679	-0.002822385	0.08354875	0.624386	0.999916
ENSMUSG00000021478	38.27015859	0.004199996	0.07822348	0.4727998	0.999916
ENSMUSG00000034891	230.95158537	0.004509919	0.0725297	0.450212	0.999916
ENSMUSG00000030350	91.56287835	0.004362291	0.07308649	0.4614652	0.999916
ENSMUSG00000107226	6.35387895	-0.01431919	0.18065892	0.1785665	0.999916
ENSMUSG00000034818	255.91436728	-0.005374309	0.07366532	0.3839101	0.999916
ENSMUSG00000050069	44.9126193	-0.0007450647	0.0665596	0.892686	0.999916
ENSMUSG00000105983	14.82793087	0.004466071	0.09791835	0.4839359	0.999916
ENSMUSG00000020684	372.35078102	0.005537332	0.07552436	0.3701193	0.999916
ENSMUSG00000036800	64.57511855	-0.001451124	0.06613712	0.7963825	0.999916
ENSMUSG00000027347	433.18526764	-0.005527565	0.07385451	0.3733805	0.999916
ENSMUSG00000061298	14.27619258	-0.009020932	0.11892016	0.2335441	0.999916
ENSMUSG00000078235	15.44171794	-0.001503451	0.07420425	0.7826715	0.999916
ENSMUSG00000107105	7.12790405	-0.0135091	0.1874255	0.2185452	0.999916
ENSMUSG00000086040	259.73939661	0.001364394	0.06536652	0.8101718	0.999916
ENSMUSG00000038179	84.75457939	-0.0001233046	0.07640459	0.9819356	0.999916
ENSMUSG00000020848	70.42824081	-0.001528938	0.06678597	0.7843823	0.999916
ENSMUSG00000020297	361.91589648	-9.61585e-05	0.06456003	0.9864836	0.999916
ENSMUSG00000029754	5.89460624	0.003881511	0.10360335	0.5588404	0.999916
ENSMUSG00000027500	203.93304844	0.0005428611	0.06400068	0.924985	0.999916
ENSMUSG00000106775	24.31762587	-0.002612705	0.08645452	0.6553979	0.999916
ENSMUSG00000022288	5.09382368	-0.01772285	0.22007699	0.1689902	0.999916
ENSMUSG00000036422	73.00408385	-0.004542681	0.07646631	0.443125	0.999916
ENSMUSG00000050963	25.94098073	-0.0002671075	0.07106172	0.9603576	0.999916
ENSMUSG00000036185	14.28983572	0.006257876	0.12180319	0.4047353	0.999916
ENSMUSG00000051401	31.28789026	0.00242895	0.0752542	0.6616982	0.999916
ENSMUSG00000102697	71.57327101	0.005887915	0.080106	0.3443598	0.999916
ENSMUSG00000075318	510.61076752	-0.002118872	0.06524474	0.7155495	0.999916
ENSMUSG00000090063	36.41207465	0.003026563	0.07992196	0.5947588	0.999916
ENSMUSG00000085800	8.08489708	0.0008576368	0.09672619	0.893135	0.999916
ENSMUSG00000021647	301.06661299	-0.0003502811	0.06912619	0.948268	0.999916
ENSMUSG00000066108	22.91142742	0.004529896	0.09910712	0.4812331	0.999916
ENSMUSG00000058153	288.69088818	-0.0007402099	0.06403192	0.8979984	0.999916
ENSMUSG00000106106	47177.60564819	1.233736	1.62816604	0.0005374967	0.07540311
ENSMUSG00000032739	7.09915526	0.01788254	0.19922726	0.1306372	0.999916
ENSMUSG00000029211	95.37316365	-0.00224447	0.06648016	0.6950721	0.999916
ENSMUSG00000024245	52.56743616	0.0005944032	0.0660525	0.9146933	0.999916
ENSMUSG00000063354	23.01471471	0.001786372	0.08333378	0.7544147	0.999916
ENSMUSG00000068129	127.2187042	0.002061257	0.07901964	0.7119814	0.999916
ENSMUSG00000025468	68.15668468	0.0003510875	0.06559791	0.9497838	0.999916
ENSMUSG00000032589	1180.85398251	0.0003938114	0.06427426	0.9451105	0.999916
ENSMUSG00000031293	217.89216641	0.02099978	0.1815111	0.07204248	0.999916
ENSMUSG00000031883	13.78728602	0.0008550085	0.07421802	0.8745128	0.999916
ENSMUSG00000042532	83.44336771	0.003735819	0.07006132	0.5236686	0.999916
ENSMUSG00000097914	8.63918801	-0.0122464	0.16785924	0.2162973	0.999916
ENSMUSG00000007207	164.65138963	-0.004129545	0.06989153	0.4886718	0.999916
ENSMUSG00000043301	76.30655827	-0.002598204	0.06839453	0.64725	0.999916
ENSMUSG00000029544	131.11060531	0.0001487932	0.0653485	0.9787734	0.999916
ENSMUSG00000026204	504.47295982	-0.001080025	0.06389578	0.8529501	0.999916
ENSMUSG00000076609	2833.69843895	7.768873	1.04806609	3.8847e-14	1.549449e-11
ENSMUSG00000067149	569.24056298	7.068413	0.95341978	4.73355e-14	1.549449e-11
ENSMUSG00000023828	7.45772692	0.001541258	0.0893366	0.7963869	0.999916
ENSMUSG00000015568	386.44003092	0.001160838	0.07407846	0.8306113	0.999916
ENSMUSG00000102876	3.78163191	0.0009514761	0.1041483	0.8891233	0.999916
ENSMUSG00000025885	46.23461185	-0.0006229825	0.06680872	0.909815	0.999916
ENSMUSG00000096847	164.92633482	0.001554904	0.06482988	0.7873564	0.999916
ENSMUSG00000104159	9.44512389	-0.002806132	0.09685607	0.6573425	0.999916
ENSMUSG00000048251	211.80918758	0.002330381	0.06754421	0.6811329	0.999916
ENSMUSG00000030162	15.01778729	-0.003113703	0.08984482	0.6040515	0.999916
ENSMUSG00000045038	662.83716143	-0.0006715293	0.06359865	0.9084016	0.999916
ENSMUSG00000047013	152.65997939	0.001120774	0.06486473	0.844217	0.999916
ENSMUSG00000085830	14.49858335	0.0007728019	0.08200596	0.8910654	0.999916
ENSMUSG00000021708	162.23177637	-0.0002388713	0.06555953	0.9658227	0.999916
ENSMUSG00000020431	1114.20603926	0.001479223	0.06449246	0.7985083	0.999916
ENSMUSG00000025422	1354.03917587	0.0008438284	0.06436291	0.8830689	0.999916
ENSMUSG00000024261	117.62919834	-0.005181664	0.07289711	0.3987037	0.999916
ENSMUSG00000103201	8.29772377	-0.0002097594	0.08414462	0.9708119	0.999916
ENSMUSG00000032988	23.50622637	0.005131555	0.10155587	0.4339527	0.999916
ENSMUSG00000080736	8.19957811	-0.003440123	0.10541319	0.6106226	0.999916
ENSMUSG00000047842	232.63549975	-0.00054005	0.06400927	0.9253541	0.999916
ENSMUSG00000045036	4.89485412	0.01810792	0.21359292	0.1490651	0.999916
ENSMUSG00000071265	38.82521152	-0.001803083	0.06840198	0.7449494	0.999916
ENSMUSG00000040035	384.83728546	-0.004704002	0.06945659	0.4436149	0.999916
ENSMUSG00000030000	153.0836926	-0.008332874	0.08660348	0.2240808	0.999916
ENSMUSG00000044667	282.63754484	-0.001338618	0.06443857	0.8169131	0.999916
ENSMUSG00000019785	24.20608471	-0.00134088	0.07113716	0.8049188	0.999916
ENSMUSG00000079657	37.67869448	-0.0007320129	0.06722015	0.8938087	0.999916
ENSMUSG00000044912	59.9274813	0.001496384	0.06697606	0.7882642	0.999916
ENSMUSG00000025427	123.84262852	-0.000105879	0.06624058	0.9846941	0.999916
ENSMUSG00000024268	460.5592128	-9.674532e-05	0.06407546	0.9865518	0.999916
ENSMUSG00000020734	50.18137904	0.007605374	0.09212135	0.2564476	0.999916
ENSMUSG00000032503	402.07018298	-0.003665534	0.07156688	0.5269998	0.999916
ENSMUSG00000039628	8.38790978	0.03671852	0.30316853	0.05579848	0.999916
ENSMUSG00000095079	654.80999016	6.187533	0.90552108	4.003607e-12	9.828856e-10
ENSMUSG00000036815	98.60227992	0.003580146	0.06904049	0.5415398	0.999916
ENSMUSG00000019906	82.53849456	-0.0002558511	0.06526705	0.9635737	0.999916
ENSMUSG00000031097	14.00818562	0.00398842	0.09973378	0.5362828	0.999916
ENSMUSG00000033981	786.07845	-0.003491188	0.06797648	0.5540503	0.999916
ENSMUSG00000085599	11.50323208	-0.004265729	0.10243516	0.5165209	0.999916
ENSMUSG00000102958	10.42511439	-0.005005384	0.10692687	0.4608613	0.999916
ENSMUSG00000086503	15745.60553299	-0.06309588	0.44517447	0.03794552	0.999916
ENSMUSG00000106018	3.16717232	0.001402775	0.10842112	0.8427586	0.999916
ENSMUSG00000000982	68.67536023	0.006039794	0.10579432	0.3731642	0.999916
ENSMUSG00000027748	23.56440758	-0.01782007	0.16635105	0.09204916	0.999916
ENSMUSG00000087516	10.83562357	-0.01585191	0.18120848	0.1424077	0.999916
ENSMUSG00000040026	8.9311731	-0.01403493	0.16360825	0.1545508	0.999916
ENSMUSG00000027438	464.77958452	-0.002331056	0.06533715	0.6901167	0.999916
ENSMUSG00000030222	19.62600117	0.01094213	0.12478515	0.174761	0.999916
ENSMUSG00000078117	12.43063779	-0.009115827	0.12248218	0.2366178	0.999916
ENSMUSG00000090291	25.79293287	0.002210618	0.07492836	0.6889684	0.999916
ENSMUSG00000032511	36.38551588	0.009059443	0.10545041	0.2104074	0.999916
ENSMUSG00000052581	79.2035274	-0.0008604715	0.06644654	0.8765425	0.999916
ENSMUSG00000086712	6.52460985	0.003706897	0.10130607	0.5701508	0.999916
ENSMUSG00000082163	15.85102948	-0.0006730389	0.08658347	0.908342	0.999916
ENSMUSG00000049741	6.9233928	0.002613052	0.10171013	0.6919548	0.999916
ENSMUSG00000067219	7.94468302	0.04968386	0.3817234	0.04697671	0.999916
ENSMUSG00000045034	22.0621755	0.0005122567	0.06970262	0.9243255	0.999916
ENSMUSG00000095134	55.89897818	-0.005834657	0.0820163	0.34775	0.999916
ENSMUSG00000088576	16.80876557	0.002076721	0.08596964	0.7212922	0.999916
ENSMUSG00000008489	75.39589635	-0.005070951	0.07421602	0.4042103	0.999916
ENSMUSG00000020950	97.69805441	0.0008168692	0.06543053	0.8843611	0.999916
ENSMUSG00000051054	3.54025517	-0.01241343	0.18689917	0.258291	0.999916
ENSMUSG00000040640	258.28800639	-0.002554333	0.06605822	0.6609338	0.999916
ENSMUSG00000028003	47.17441402	-0.000812854	0.07813896	0.8826125	0.999916
ENSMUSG00000036564	1727.21513487	-0.0003895968	0.06413031	0.945881	0.999916
ENSMUSG00000105526	8.03780609	-0.001077968	0.08249464	0.8490925	0.999916
ENSMUSG00000097072	14.77722015	-0.03785846	0.310861	0.05504125	0.999916
ENSMUSG00000031144	1122.24084306	0.0009230358	0.0638322	0.8739908	0.999916
ENSMUSG00000009394	527.96261739	-0.003549441	0.06672266	0.554428	0.999916
ENSMUSG00000021700	313.62057559	-0.0006114342	0.06465523	0.9143276	0.999916
ENSMUSG00000045573	110.71756264	-0.0006316825	0.0675791	0.9079068	0.999916
ENSMUSG00000024479	127.5401448	-5.974646e-07	0.06454049	0.999916	0.999916
ENSMUSG00000054976	58.09112809	-0.005087247	0.07439202	0.4027673	0.999916
ENSMUSG00000006435	292.94136364	0.001788296	0.06483981	0.7578497	0.999916
ENSMUSG00000084235	7.01418936	0.001606104	0.10458622	0.8138839	0.999916
ENSMUSG00000031137	87.14497723	-0.001432835	0.0655212	0.8006455	0.999916
ENSMUSG00000030518	88.66053215	0.003425466	0.06971103	0.5546952	0.999916
ENSMUSG00000102902	2.87713299	0.002353973	0.11667062	0.7546495	0.999916
ENSMUSG00000047485	45.14432542	0.0007122517	0.06771156	0.8962006	0.999916
ENSMUSG00000036062	340.21782653	-0.0005164206	0.0638144	0.9289548	0.999916
ENSMUSG00000025658	351.61593826	-0.001445482	0.06469122	0.8020165	0.999916
ENSMUSG00000019992	6.29106906	-0.009302238	0.14838638	0.2934916	0.999916
ENSMUSG00000023903	9.43643986	0.004642975	0.09579986	0.4617448	0.999916
ENSMUSG00000061911	298.18052446	-0.001901219	0.06507698	0.7427563	0.999916
ENSMUSG00000063388	13.92225051	0.0229371	0.23981291	0.1085285	0.999916
ENSMUSG00000032500	87.7960324	0.008761677	0.09905689	0.2144881	0.999916
ENSMUSG00000075478	166.96971254	-0.001880278	0.06511199	0.7451715	0.999916
ENSMUSG00000052479	5.7947379	0.002398441	0.09267626	0.6953948	0.999916
ENSMUSG00000105663	13.49920648	-0.01024064	0.13066949	0.2079965	0.999916
ENSMUSG00000029055	152.80501451	0.01458211	0.13312358	0.1060314	0.999916
ENSMUSG00000024353	22.59966226	0.1702097	0.71637102	0.009324565	0.4598814
ENSMUSG00000031870	26.16858086	-0.008286144	0.10010676	0.2345024	0.999916
ENSMUSG00000104851	26.64551788	-0.003101669	0.07861964	0.5847371	0.999916
ENSMUSG00000027297	29.3555808	-0.00291671	0.07286346	0.6039372	0.999916
ENSMUSG00000037771	53.11278669	-0.002105995	0.06821907	0.7067178	0.999916
ENSMUSG00000105620	13.32916989	-0.003581075	0.088257	0.5485616	0.999916
ENSMUSG00000057060	26.9843425	0.002895078	0.07213967	0.6069075	0.999916
ENSMUSG00000021268	3863.00989977	-0.009237842	0.08820166	0.193261	0.999916
ENSMUSG00000056553	273.91952898	-0.001766585	0.06530364	0.7584906	0.999916
ENSMUSG00000102241	8.02844297	-0.003919447	0.10594158	0.5620948	0.999916
ENSMUSG00000070880	209.86404066	-0.00137337	0.06443579	0.8124083	0.999916
ENSMUSG00000021301	87.6538189	-1.887971e-06	0.06478505	0.9997333	0.999916
ENSMUSG00000044703	8.79787385	0.01697271	0.19882277	0.1477176	0.999916
ENSMUSG00000033578	67.06912503	-0.001014865	0.06603626	0.8557323	0.999916
ENSMUSG00000033060	300.95118105	-0.001300669	0.06417766	0.822928	0.999916
ENSMUSG00000028039	39.67945071	0.008369578	0.09700652	0.227777	0.999916
ENSMUSG00000028836	6.40128189	-0.002250558	0.09152987	0.7108944	0.999916
ENSMUSG00000029361	122.17552606	-0.0001649839	0.06482681	0.976688	0.999916
ENSMUSG00000023473	185.09052913	-0.0007980273	0.06551696	0.8868214	0.999916
ENSMUSG00000034829	26.9626863	0.01699598	0.18609598	0.1275031	0.999916
ENSMUSG00000000318	11.5932459	0.00358026	0.08808715	0.5482677	0.999916
ENSMUSG00000032338	10.91119254	-0.001558296	0.08070289	0.7811436	0.999916
ENSMUSG00000032053	21.87415851	0.9394454	1.64743266	0.001164346	0.127043
ENSMUSG00000105971	21.11338215	-0.004962308	0.09473181	0.430802	0.999916
ENSMUSG00000035277	15.62786497	-0.004913161	0.0940786	0.4334971	0.999916
ENSMUSG00000042604	48.76297604	-0.001363872	0.06901006	0.803026	0.999916
ENSMUSG00000033615	422.44127121	0.002373673	0.06595868	0.6820792	0.999916
ENSMUSG00000064339	3156.84496755	0.1883211	0.69492327	0.00604074	0.4237148
ENSMUSG00000038128	189.22886535	-0.002150199	0.06588059	0.7088275	0.999916
ENSMUSG00000035270	41.43197287	0.01597214	0.16461973	0.1167657	0.999916
ENSMUSG00000034917	22.04744538	0.002437803	0.08242227	0.6691364	0.999916
ENSMUSG00000097532	15.31219852	-0.009396024	0.135304	0.253306	0.999916
ENSMUSG00000063239	42.80677243	0.005998578	0.08343162	0.3377345	0.999916
ENSMUSG00000030729	360.01975955	-0.002713688	0.0656004	0.6456774	0.999916
ENSMUSG00000067028	17.59133732	0.002074339	0.07662098	0.7076844	0.999916
ENSMUSG00000097497	7.33260775	-0.01707285	0.20060639	0.14861	0.999916
ENSMUSG00000044067	69.49485303	-0.005133822	0.07385318	0.400267	0.999916
ENSMUSG00000025867	1749.68894312	0.003190182	0.06756069	0.5857402	0.999916
ENSMUSG00000097444	5.00465474	-0.007972965	0.14276789	0.3532991	0.999916
ENSMUSG00000019828	59.06870431	0.004732456	0.07492211	0.428903	0.999916
ENSMUSG00000038692	7.99313089	0.001651274	0.09939226	0.799796	0.999916
ENSMUSG00000005892	14.00215225	-0.002728848	0.09183567	0.6537537	0.999916
ENSMUSG00000049281	151.27099381	-2.458297e-05	0.06467146	0.996536	0.999916
ENSMUSG00000040972	115.35503389	0.001996035	0.06571027	0.7282721	0.999916
ENSMUSG00000098318	4.83704631	0.00589967	0.12438227	0.4415695	0.999916
ENSMUSG00000103301	9.21901543	-0.009408541	0.14922074	0.2903683	0.999916
ENSMUSG00000059456	807.66996386	-0.0001291327	0.06366316	0.9822453	0.999916
ENSMUSG00000107148	8.43137331	-0.00302658	0.09691044	0.6322052	0.999916
ENSMUSG00000025221	44.83554421	-0.0004944827	0.06845323	0.927325	0.999916
ENSMUSG00000051111	108.42387996	0.002075739	0.06751417	0.7122351	0.999916
ENSMUSG00000007021	122.52694409	0.002628842	0.06689146	0.6488298	0.999916
ENSMUSG00000030854	150.222462	-0.003039574	0.07008952	0.5939058	0.999916
ENSMUSG00000036760	17.10847482	-0.03957454	0.30514441	0.04550132	0.999916
ENSMUSG00000085816	7.19212117	0.001938864	0.10591675	0.7782159	0.999916
ENSMUSG00000021852	18.4645304	0.0004896443	0.07540428	0.9280902	0.999916
ENSMUSG00000055567	466.71975579	0.0001764295	0.06370272	0.9757207	0.999916
ENSMUSG00000037126	278.79757765	0.00432915	0.07017843	0.470877	0.999916
ENSMUSG00000004933	156.22576044	-0.004136265	0.06909539	0.4908322	0.999916
ENSMUSG00000021730	68.60569613	0.005761662	0.08241975	0.3526106	0.999916
ENSMUSG00000032495	24.65312109	0.07302197	0.40545614	0.01729242	0.6687507
ENSMUSG00000059187	42.90539502	-0.0009654271	0.06756194	0.8602632	0.999916
ENSMUSG00000027584	43.17089443	-0.006193603	0.08296252	0.3256566	0.999916
ENSMUSG00000079157	127.4765494	0.003335645	0.06774513	0.5702858	0.999916
ENSMUSG00000016179	12.53419522	-0.009214159	0.12185923	0.2311315	0.999916
ENSMUSG00000036095	276.56613891	-0.003001957	0.06596862	0.6129072	0.999916
ENSMUSG00000102992	12.21698572	-0.01417042	0.1665911	0.1563082	0.999916
ENSMUSG00000035681	80.26570184	-0.001270151	0.0653791	0.8226568	0.999916
ENSMUSG00000027568	5.66316979	-0.003878704	0.10394218	0.5601592	0.999916
ENSMUSG00000102257	12.05584619	-0.03017683	0.27460539	0.07370856	0.999916
ENSMUSG00000097545	306.38631774	0.008103839	0.09382805	0.2359388	0.999916
ENSMUSG00000038917	11.57320072	-0.005354656	0.10994133	0.4397763	0.999916
ENSMUSG00000079550	59.50649184	0.0100781	0.11522329	0.1879166	0.999916
ENSMUSG00000063142	336.9641072	0.0003466325	0.06391153	0.9520914	0.999916
ENSMUSG00000103596	14.98431521	-0.007268462	0.11144103	0.3060227	0.999916
ENSMUSG00000073008	4.97422193	-0.0008338931	0.09865342	0.8978699	0.999916
ENSMUSG00000030226	357.54047186	6.590072e-05	0.06455509	0.9907371	0.999916
ENSMUSG00000102508	8.67093742	0.002186505	0.08560067	0.7066089	0.999916
ENSMUSG00000002068	23.28997625	0.0004937674	0.06925811	0.9271506	0.999916
ENSMUSG00000047692	8.14159033	0.007252198	0.12976639	0.3588144	0.999916
ENSMUSG00000071753	41.00781411	-0.01855552	0.15704221	0.07643569	0.999916
ENSMUSG00000097672	12.40122097	-0.04766237	0.37513764	0.05035387	0.999916
ENSMUSG00000105542	9.6590089	-0.002855342	0.09765526	0.653752	0.999916
ENSMUSG00000103613	7.15210682	-0.007141263	0.12984391	0.3666068	0.999916
ENSMUSG00000105461	7.09707436	-0.008383122	0.13940957	0.3177192	0.999916
ENSMUSG00000074968	78.55770171	0.001678394	0.06736123	0.7633376	0.999916
ENSMUSG00000019775	88.39792569	-0.002681906	0.06694193	0.6426746	0.999916
ENSMUSG00000029304	1315.8979199	0.005934758	0.09328316	0.3527676	0.999916
ENSMUSG00000031391	212.34768246	-0.001218783	0.06429261	0.8331644	0.999916
ENSMUSG00000060924	265.32965238	-0.004957285	0.07129661	0.4186763	0.999916
ENSMUSG00000104708	8.04013515	-0.01229503	0.16698989	0.2125302	0.999916
ENSMUSG00000048758	731.07353359	0.09924113	0.45823192	0.01000489	0.4678479
ENSMUSG00000058925	11.27247253	-0.003600417	0.09513638	0.5638342	0.999916
ENSMUSG00000085201	2.72337468	0.00570365	0.14004414	0.5102159	0.999916
ENSMUSG00000048895	391.75354447	-0.001037711	0.06396923	0.8582712	0.999916
ENSMUSG00000027221	405.46084173	9.213362e-06	0.06386025	0.9987261	0.999916
ENSMUSG00000064147	8.44883042	-0.001142007	0.0842054	0.8422188	0.999916
ENSMUSG00000105708	6.38918048	0.03115234	0.29169541	0.08047258	0.999916
ENSMUSG00000064330	13.70506926	0.00372009	0.0939058	0.547766	0.999916
ENSMUSG00000046167	148.3148912	0.003002102	0.08426713	0.6046713	0.999916
ENSMUSG00000004031	162.50321442	-0.004829834	0.07083032	0.4294396	0.999916
ENSMUSG00000044641	26.08436104	0.07602537	0.43701354	0.01974926	0.6687507
ENSMUSG00000031409	49.31696091	-0.001308404	0.06673529	0.8140765	0.999916
ENSMUSG00000043498	66.03978913	0.002388021	0.06738264	0.6748019	0.999916
ENSMUSG00000086495	8.3194912	-0.005282376	0.10978071	0.4454639	0.999916
ENSMUSG00000090118	7.52419985	-0.002559006	0.09399379	0.6791957	0.999916
ENSMUSG00000039372	27.61885795	-0.0136311	0.13702901	0.1261118	0.999916
ENSMUSG00000068428	16.13110393	-0.001329817	0.0835614	0.8158935	0.999916
ENSMUSG00000017723	5.58580846	-0.003069237	0.1112255	0.6665352	0.999916
ENSMUSG00000003872	28.71200007	-0.005483754	0.08247669	0.3715325	0.999916
ENSMUSG00000070304	379.66414509	0.001212089	0.06436462	0.8337711	0.999916
ENSMUSG00000022375	7.59099175	-0.006136728	0.1114524	0.3817898	0.999916
ENSMUSG00000094840	7.80824025	0.00333877	0.08983009	0.5786641	0.999916
ENSMUSG00000008193	11.43980091	0.02839186	0.24800999	0.065878	0.999916
ENSMUSG00000024673	4.53772768	0.01462839	0.1975196	0.2055104	0.999916
ENSMUSG00000084088	3.91927701	-0.003121968	0.1193131	0.6823259	0.999916
ENSMUSG00000029755	5.33973676	-0.001839495	0.09915173	0.7768044	0.999916
ENSMUSG00000037541	381.33598272	0.0003602224	0.06404173	0.9500547	0.999916
ENSMUSG00000024524	388.1180629	0.002708585	0.0660026	0.6440557	0.999916
ENSMUSG00000034799	534.16865133	-0.0006388483	0.06366201	0.9126512	0.999916
ENSMUSG00000022829	158.34039938	0.001112389	0.06459285	0.8461961	0.999916
ENSMUSG00000082931	9.32301674	-0.007289099	0.12817441	0.3513502	0.999916
ENSMUSG00000044024	120.78516462	-0.001078768	0.06487633	0.8498319	0.999916
ENSMUSG00000039717	39.12376515	-0.002269785	0.06930921	0.6842798	0.999916
ENSMUSG00000099759	14.8899703	-0.0002808594	0.07891864	0.9594448	0.999916
ENSMUSG00000049148	38.15110733	-0.0001933157	0.06810025	0.971572	0.999916
ENSMUSG00000034584	11.9245364	-0.001002019	0.07751485	0.8552197	0.999916
ENSMUSG00000087624	5.33163454	-0.0005374909	0.10153296	0.9358291	0.999916
ENSMUSG00000026787	171.93500352	-0.003106739	0.06914852	0.588988	0.999916
ENSMUSG00000064329	154.7949563	0.0009817398	0.06529621	0.8619035	0.999916
ENSMUSG00000003469	480.77737545	-0.0002623405	0.06363206	0.9639885	0.999916
ENSMUSG00000040412	67.3675807	-0.009131525	0.09868882	0.200928	0.999916
ENSMUSG00000040797	279.85171812	-0.0001680361	0.06380976	0.9768073	0.999916
ENSMUSG00000083856	3.83959092	9.954248e-06	0.10722597	0.998871	0.999916
ENSMUSG00000034472	93.43620592	0.001923655	0.0687171	0.7287989	0.999916
ENSMUSG00000045009	52.67542913	0.0009303175	0.06669217	0.8663657	0.999916
ENSMUSG00000106905	14.86625326	0.007240133	0.10438804	0.2922658	0.999916
ENSMUSG00000034098	36.15667579	-0.003312697	0.0712918	0.5627859	0.999916
ENSMUSG00000038026	115.96019855	-0.003457603	0.06850151	0.5553009	0.999916
ENSMUSG00000043388	213.35529332	-0.01277323	0.10825921	0.1178122	0.999916
ENSMUSG00000064337	3998.56583406	0.08617105	0.46660168	0.01673779	0.6687507
ENSMUSG00000027559	22.96863215	0.002505481	0.07325449	0.6519693	0.999916
ENSMUSG00000103092	20.24365243	-0.004578425	0.08682562	0.4480352	0.999916
ENSMUSG00000046480	102.37403862	0.0030273	0.06946477	0.5966413	0.999916
ENSMUSG00000021613	23.46998639	0.002463866	0.07279819	0.6571338	0.999916
ENSMUSG00000014813	9.43135055	-0.02505989	0.23351784	0.0795377	0.999916
ENSMUSG00000021848	24.96668886	0.004807678	0.10221768	0.4644785	0.999916
ENSMUSG00000091002	17.43055392	0.00109964	0.07227149	0.8388841	0.999916
ENSMUSG00000001986	466.53380372	-0.003350671	0.06765631	0.569164	0.999916
ENSMUSG00000090293	26.33087594	0.001860616	0.08313862	0.7443226	0.999916
ENSMUSG00000028546	93.76537566	-0.001030971	0.06497083	0.8560252	0.999916
ENSMUSG00000083183	17.94493814	-0.01361929	0.15875434	0.1566152	0.999916
ENSMUSG00000029245	209.57995781	0.006561674	0.07701246	0.3078091	0.999916
ENSMUSG00000102359	5.47433916	-0.001733204	0.10530655	0.8005144	0.999916
ENSMUSG00000083796	30.2593628	-0.01121475	0.13577032	0.1842076	0.999916
ENSMUSG00000058975	182.42965173	-0.002640879	0.06573039	0.6529474	0.999916
ENSMUSG00000075316	25.92543074	-0.02178339	0.2119065	0.09111459	0.999916
ENSMUSG00000035202	5281.19720331	0.1480741	0.59401737	0.007192695	0.4317746
ENSMUSG00000097929	26.59378376	-0.004580595	0.07865992	0.4396907	0.999916
ENSMUSG00000022269	7.96165479	-0.006750888	0.11175336	0.339297	0.999916
ENSMUSG00000024403	356.00535609	0.001168984	0.06412767	0.8403464	0.999916
ENSMUSG00000025855	763.97920686	0.0001842142	0.06367312	0.9746712	0.999916
ENSMUSG00000025738	1036.29078077	0.002632394	0.06556184	0.6548102	0.999916
ENSMUSG00000037492	32.91564924	0.001914469	0.06970735	0.7285431	0.999916
ENSMUSG00000031138	16.45871909	0.01164106	0.16062132	0.2213819	0.999916
ENSMUSG00000097399	12.48170008	0.004999572	0.10641662	0.4598078	0.999916
ENSMUSG00000072688	7.94714065	0.002061697	0.0923115	0.7359193	0.999916
ENSMUSG00000073779	10.664952	-0.001319131	0.07990136	0.8129379	0.999916
ENSMUSG00000086499	9.1932824	-0.003659782	0.10444274	0.5844678	0.999916
ENSMUSG00000050377	16.6731693	0.0004197362	0.07334162	0.9379112	0.999916
ENSMUSG00000042425	4.8825586	0.0005021839	0.09365687	0.9356153	0.999916
ENSMUSG00000062393	11.15932344	-0.1457505	0.68732056	0.0130295	0.5815893
ENSMUSG00000104200	9.42401924	-0.01331421	0.16972812	0.185364	0.999916
ENSMUSG00000094226	8.85248212	0.002757367	0.09569054	0.6600146	0.999916
ENSMUSG00000084390	35.42191145	-0.06244617	0.40169527	0.02740826	0.8290138
ENSMUSG00000098202	15.59099047	-0.006936876	0.10316782	0.3073418	0.999916
ENSMUSG00000092103	23.42034398	-0.006563559	0.10756922	0.3409433	0.999916
ENSMUSG00000099472	13.32378587	-0.02870723	0.2555636	0.06929749	0.999916
ENSMUSG00000035504	138.28952213	0.02194292	0.19172345	0.07171924	0.999916
ENSMUSG00000022054	125.16016425	-0.002818621	0.06675942	0.6283991	0.999916
ENSMUSG00000037474	21.77892327	-0.001122161	0.07089922	0.8357744	0.999916
ENSMUSG00000078144	13.37254073	-0.00249204	0.0851409	0.6674739	0.999916
ENSMUSG00000072672	38.9182859	0.009777405	0.1161484	0.1993865	0.999916
ENSMUSG00000051452	3.87184812	0.01241745	0.18553297	0.2544615	0.999916
ENSMUSG00000027073	51.55268748	0.5332147	1.2429662	0.002177686	0.2138488
ENSMUSG00000106710	10.61752422	0.024216	0.25173413	0.1068692	0.999916
ENSMUSG00000087579	17.52718525	0.01882696	0.17331667	0.08666027	0.999916
ENSMUSG00000045441	14.13410994	0.002105326	0.07583627	0.703039	0.999916
ENSMUSG00000048355	33.47273469	0.01593859	0.14588831	0.09760266	0.999916
ENSMUSG00000022362	20.8665983	0.008037686	0.10755293	0.2567763	0.999916
ENSMUSG00000074817	15.28252993	-0.006575942	0.11080893	0.3485479	0.999916
ENSMUSG00000026825	1181.15394929	0.0002126006	0.06361902	0.9708173	0.999916
ENSMUSG00000004113	237.63119231	-0.001243229	0.06411683	0.8306623	0.999916
ENSMUSG00000026312	38.42840421	-0.001762602	0.07083083	0.747513	0.999916
ENSMUSG00000071716	12.99223548	0.002205644	0.08953096	0.7121591	0.999916
ENSMUSG00000042750	149.94439984	-0.0004116372	0.06424517	0.9426767	0.999916
ENSMUSG00000040364	16.55031766	0.0131886	0.14315817	0.1429672	0.999916
ENSMUSG00000066677	40.27967071	0.01761818	0.19448085	0.1284161	0.999916
ENSMUSG00000056643	9.32769211	0.006667814	0.11315257	0.3486869	0.999916
ENSMUSG00000097915	14.73875551	0.009167884	0.11705271	0.2239089	0.999916
ENSMUSG00000034687	176.54543288	0.002669289	0.06704917	0.6436528	0.999916
ENSMUSG00000006235	12.79187612	-0.002349382	0.0797578	0.6760512	0.999916
ENSMUSG00000028931	444.608364	0.002608532	0.06523894	0.6593125	0.999916
ENSMUSG00000105500	12.77283377	-0.009167824	0.1378806	0.2709123	0.999916
ENSMUSG00000055629	83.06270879	-0.002041584	0.06618959	0.7207574	0.999916
ENSMUSG00000062961	41.27937165	0.00183449	0.06830949	0.741038	0.999916
ENSMUSG00000103738	8.4689716	0.002325637	0.09469591	0.7088466	0.999916
ENSMUSG00000025983	6.10025524	-0.002374488	0.10545193	0.7279964	0.999916
ENSMUSG00000107358	9.35054413	-0.03293411	0.30233986	0.07634129	0.999916
ENSMUSG00000026202	449.1384795	0.001120993	0.06385012	0.8477412	0.999916
ENSMUSG00000052026	91.95729181	-0.003838845	0.06924736	0.516601	0.999916
ENSMUSG00000076617	1700.98772172	0.3269407	0.93757696	0.003343785	0.2736331
ENSMUSG00000104178	9.79827698	-0.002696338	0.0841416	0.6405905	0.999916
ENSMUSG00000042200	8.22623911	0.002196201	0.08497793	0.7041927	0.999916
ENSMUSG00000031343	163.74417791	0.001730848	0.06564669	0.7616478	0.999916
ENSMUSG00000008932	15.31644859	0.008328721	0.1219141	0.2726556	0.999916
ENSMUSG00000094286	4.07273603	-0.0007584094	0.09964101	0.9079218	0.999916
ENSMUSG00000093628	5.87792857	-0.006979373	0.12927072	0.3760096	0.999916
ENSMUSG00000022756	132.47142085	0.0006922269	0.06432939	0.9038367	0.999916
ENSMUSG00000072621	26.54423424	-5.035053e-05	0.080518	0.9928013	0.999916
ENSMUSG00000045318	36.63117909	0.003306842	0.07159278	0.5629254	0.999916
ENSMUSG00000039252	137.19512093	0.001414883	0.06565952	0.8025754	0.999916
ENSMUSG00000106133	3.27598384	-0.001445257	0.11218538	0.8432651	0.999916
ENSMUSG00000053693	118.50317288	-0.001952024	0.06531674	0.7354003	0.999916
ENSMUSG00000080937	5.3666885	-0.001191738	0.10167959	0.8581	0.999916
ENSMUSG00000048001	21.61084678	0.001405129	0.07350024	0.7960434	0.999916
ENSMUSG00000021596	150.07081149	4.658124e-06	0.06458361	0.9993448	0.999916
ENSMUSG00000048834	85.82473292	-0.005547644	0.07573045	0.3691835	0.999916
ENSMUSG00000021194	133.74646674	0.002073004	0.06559522	0.7193978	0.999916
ENSMUSG00000018930	26.73613706	0.01639821	0.1842902	0.1361069	0.999916
ENSMUSG00000041141	97.98491134	-0.003875234	0.06903814	0.5140206	0.999916
ENSMUSG00000048304	156.20866824	-0.006694445	0.07892685	0.2989702	0.999916
ENSMUSG00000097391	79.27197341	-0.005428316	0.07648664	0.3763619	0.999916
ENSMUSG00000073514	64.16565613	0.003444479	0.06946636	0.5534807	0.999916
ENSMUSG00000031722	14.445036	0.01464645	0.17290969	0.1556658	0.999916
ENSMUSG00000032528	32.12747093	-0.003098046	0.0717989	0.5848142	0.999916
ENSMUSG00000104581	8.00737407	-0.003360594	0.09735535	0.5960617	0.999916
ENSMUSG00000103999	11.82101136	-0.006514802	0.1222412	0.3868321	0.999916
ENSMUSG00000032011	711.76665897	-0.0006924188	0.06359787	0.905592	0.999916
ENSMUSG00000056427	124.31583141	0.002968822	0.06742511	0.6094117	0.999916
ENSMUSG00000090255	5.41219055	-0.00132076	0.09126388	0.8278546	0.999916
ENSMUSG00000102665	5.18658742	-0.006580085	0.12706688	0.3976624	0.999916
ENSMUSG00000090066	8.67151992	-0.001824356	0.08871335	0.7587903	0.999916
ENSMUSG00000023345	78.44294612	0.03306011	0.22726102	0.03448386	0.9675186
ENSMUSG00000046204	124.68091934	-0.001487914	0.06488911	0.7957337	0.999916
ENSMUSG00000044556	9.02103948	-0.00223123	0.08969099	0.7093114	0.999916
ENSMUSG00000035576	15.43124261	-0.005222049	0.09148284	0.4023663	0.999916
ENSMUSG00000056812	145.20568862	-0.009177221	0.08901387	0.1951491	0.999916
ENSMUSG00000032773	334.62908021	-0.000619182	0.06370741	0.9152041	0.999916
ENSMUSG00000032776	24.24581878	-0.01848205	0.17409149	0.09136508	0.999916
ENSMUSG00000080731	14.72025402	-0.006240203	0.10338458	0.3526998	0.999916
ENSMUSG00000103694	33.00855972	-0.003063054	0.07602418	0.5872412	0.999916
ENSMUSG00000083359	3.29963227	0.003791653	0.12157739	0.6223836	0.999916
ENSMUSG00000054034	45.14293569	-0.0002215459	0.06614849	0.9680282	0.999916
ENSMUSG00000083104	16.37227246	-0.01560006	0.1715035	0.132736	0.999916
ENSMUSG00000026725	5.60403755	-0.004180467	0.11299012	0.5580058	0.999916
ENSMUSG00000086496	14.75453987	0.002126197	0.07621523	0.7006247	0.999916
ENSMUSG00000030500	25.05061598	-0.001789782	0.07086306	0.7438818	0.999916
ENSMUSG00000022518	12.73362763	0.001106358	0.07941091	0.8420616	0.999916
ENSMUSG00000022696	130.79919035	-0.002040769	0.06730327	0.7171707	0.999916
ENSMUSG00000030043	7.90933091	-0.002431484	0.08658984	0.6778978	0.999916
ENSMUSG00000095040	3.06290028	-0.0006522999	0.10936817	0.9274387	0.999916
ENSMUSG00000089663	9.13215503	-0.218135	0.8849974	0.009366221	0.4598814
ENSMUSG00000015340	656.69807749	0.0003276624	0.07299068	0.9514606	0.999916
ENSMUSG00000028137	202.92301448	-0.003205019	0.06724217	0.5856018	0.999916
ENSMUSG00000063626	76.46554924	-0.001147762	0.06876437	0.8333263	0.999916
ENSMUSG00000057378	133.24887994	0.001043732	0.06513391	0.8538557	0.999916
ENSMUSG00000038115	25.28465393	0.003696633	0.08681503	0.5332162	0.999916
ENSMUSG00000043592	3.32845573	0.01179989	0.18021884	0.265744	0.999916
ENSMUSG00000041986	194.69699052	0.001834561	0.06545843	0.7493216	0.999916
ENSMUSG00000095306	10.95358697	-0.00589707	0.11132056	0.3997229	0.999916
ENSMUSG00000003279	907.57215255	0.0007241438	0.06348214	0.9016582	0.999916
ENSMUSG00000030525	21.93730041	0.0023546	0.07362244	0.6704832	0.999916
ENSMUSG00000022129	20.99065982	0.0002327265	0.0812555	0.9669083	0.999916
ENSMUSG00000083849	8.03308215	0.001863768	0.08714303	0.750839	0.999916
ENSMUSG00000085218	10.27914856	-0.002093922	0.08771391	0.7224851	0.999916
ENSMUSG00000059857	41.42597688	0.001211672	0.06731573	0.8262337	0.999916
ENSMUSG00000020673	15.38871737	0.011237	0.15604502	0.2258845	0.999916
ENSMUSG00000020264	20.34876766	0.0002942215	0.07050858	0.9563651	0.999916
ENSMUSG00000026527	110.25918083	0.003162737	0.06742187	0.5891369	0.999916
ENSMUSG00000081816	9.0673647	-0.003072482	0.10020705	0.6359911	0.999916
ENSMUSG00000102312	9.43683945	0.002980486	0.08535202	0.6093367	0.999916
ENSMUSG00000045967	218.95229027	-0.002862494	0.06617568	0.626488	0.999916
ENSMUSG00000104493	12.76490454	-0.01765149	0.20792307	0.1488766	0.999916
ENSMUSG00000086739	19.0878671	0.0009965137	0.07230976	0.853651	0.999916
ENSMUSG00000097767	998.67271304	-0.00423564	0.06788938	0.4876123	0.999916
ENSMUSG00000103320	7.43698856	0.005416459	0.10630007	0.4235066	0.999916
ENSMUSG00000041923	112.17122113	0.001195478	0.06469296	0.8347948	0.999916
ENSMUSG00000086997	4.42531727	-0.005258939	0.12615548	0.5014875	0.999916
ENSMUSG00000100929	7.6750922	0.01502063	0.19752056	0.193726	0.999916
ENSMUSG00000064225	105.16393705	-0.0003984075	0.06459223	0.9440796	0.999916
ENSMUSG00000058755	18.40782092	-0.003621155	0.0901233	0.5486369	0.999916
ENSMUSG00000022221	18.59074345	0.001582668	0.08333082	0.7814964	0.999916
ENSMUSG00000040118	596.84864856	-0.0005447755	0.06366234	0.9253962	0.999916
ENSMUSG00000105789	3.39801132	0.003426296	0.11586896	0.6422948	0.999916
ENSMUSG00000057074	9.43919333	0.01000271	0.15441654	0.2754435	0.999916
ENSMUSG00000003948	337.68746002	0.002517064	0.06598875	0.6654853	0.999916
ENSMUSG00000039539	6.41789117	-0.0001731939	0.0850769	0.9760767	0.999916
ENSMUSG00000103255	21.04906472	-0.05122972	0.35236236	0.03271211	0.9448027
ENSMUSG00000102816	13.43645202	-0.004207475	0.08936293	0.4872801	0.999916
ENSMUSG00000026610	33.06719034	0.003008783	0.07131198	0.5951751	0.999916
ENSMUSG00000039629	127.68355999	-0.0004537346	0.06574795	0.9350293	0.999916
ENSMUSG00000070336	11.85217898	0.0008086876	0.08715527	0.8904788	0.999916
ENSMUSG00000103751	12.15683416	-0.006875193	0.12282215	0.3628648	0.999916
ENSMUSG00000050321	126.44921606	-0.001208182	0.06466814	0.8331938	0.999916
ENSMUSG00000052516	239.47745087	0.00481406	0.07063499	0.4312184	0.999916
ENSMUSG00000102619	6.83254315	-0.01269275	0.17868034	0.2262298	0.999916
ENSMUSG00000048142	492.73259354	0.001027813	0.06379573	0.8602167	0.999916
ENSMUSG00000086356	6.80431854	0.003332956	0.09420867	0.5905037	0.999916
ENSMUSG00000106004	10.53881051	-0.00474695	0.11308851	0.5041322	0.999916
ENSMUSG00000082154	2.67846827	-0.0005165402	0.11281953	0.9442708	0.999916
ENSMUSG00000028834	9.04983556	0.02224759	0.22125793	0.09568374	0.999916
ENSMUSG00000085779	14.3622713	1.513658e-05	0.07302426	0.9977553	0.999916
ENSMUSG00000104874	16.39390876	-0.007863488	0.11517993	0.2812313	0.999916
ENSMUSG00000047428	36.34296637	-0.005985858	0.08374561	0.3386628	0.999916
ENSMUSG00000105717	10.77564393	-0.009560316	0.13892944	0.2547735	0.999916
ENSMUSG00000024793	7.7199959	-0.004923717	0.10193106	0.4531978	0.999916
ENSMUSG00000106290	10.83741598	-0.004970573	0.10237867	0.4503275	0.999916
ENSMUSG00000028488	301.54761836	-0.003233364	0.06684751	0.5845917	0.999916
ENSMUSG00000078129	6.13180182	0.002477897	0.09082397	0.6814864	0.999916
ENSMUSG00000047904	20.52137605	0.0005499918	0.07191017	0.9185892	0.999916
ENSMUSG00000087439	4.30292934	-0.002986359	0.11511872	0.6854323	0.999916
ENSMUSG00000087593	6.06240447	0.004759944	0.1146071	0.5078945	0.999916
ENSMUSG00000104122	11.2613904	-0.04239489	0.33056484	0.04751486	0.999916
ENSMUSG00000106943	25.79143743	-0.01534107	0.16893014	0.1341224	0.999916
ENSMUSG00000055214	9.82428963	0.006518319	0.1116507	0.3548179	0.999916
ENSMUSG00000092268	11.27254828	0.01133544	0.15534973	0.2204478	0.999916
ENSMUSG00000037217	723.23424033	0.001000623	0.06364415	0.8643746	0.999916
ENSMUSG00000028351	261.56856997	0.002830639	0.0662574	0.6294881	0.999916
ENSMUSG00000081104	13.32013177	-0.001578049	0.08233923	0.7806863	0.999916
ENSMUSG00000082686	6.27699347	-0.00503837	0.11850518	0.4953955	0.999916
ENSMUSG00000034413	165.42218598	0.0009413295	0.06507558	0.8679648	0.999916
ENSMUSG00000027016	26.46834057	0.01191488	0.12179217	0.1454305	0.999916
ENSMUSG00000033419	452.35388807	-0.001376583	0.06391531	0.8143102	0.999916
ENSMUSG00000020808	6.27426588	0.005354726	0.11377766	0.4519847	0.999916
ENSMUSG00000106646	10.72643521	0.00145586	0.07848774	0.7925569	0.999916
ENSMUSG00000105826	7.25728933	0.003711683	0.10405792	0.5778652	0.999916
ENSMUSG00000032373	57.4507585	-0.005570055	0.09010339	0.3734184	0.999916
ENSMUSG00000102037	37.07307791	0.002616752	0.07983699	0.6430511	0.999916
ENSMUSG00000024675	22.72159135	-0.005479107	0.09643972	0.3924844	0.999916
ENSMUSG00000010592	5.79148793	-0.01401297	0.18400132	0.1944421	0.999916
ENSMUSG00000039883	12.08352887	0.04154401	0.30965206	0.04113133	0.999916
ENSMUSG00000103403	6.91586678	0.004221749	0.09763653	0.5068031	0.999916
ENSMUSG00000097344	7.97708763	-0.009462357	0.13907455	0.259739	0.999916
ENSMUSG00000104284	12.75868906	-0.001208783	0.07495401	0.8242277	0.999916
ENSMUSG00000024172	117.80253153	0.002908943	0.06673903	0.6187596	0.999916
ENSMUSG00000087349	8.09008271	-0.007165121	0.12221474	0.3414492	0.999916
ENSMUSG00000033520	6.99666128	-0.001645918	0.0955688	0.7937529	0.999916
ENSMUSG00000100815	18.70779847	-0.003854441	0.09310151	0.5316023	0.999916
ENSMUSG00000048385	158.86866451	0.003239748	0.06701227	0.5831507	0.999916
ENSMUSG00000104912	13.17687753	0.009618905	0.13134544	0.2340727	0.999916
ENSMUSG00000097381	12.06537148	-0.01263293	0.16217798	0.19067	0.999916
ENSMUSG00000050711	172.73873108	-0.007893209	0.08363482	0.2416099	0.999916
ENSMUSG00000102709	3.82859548	0.002585413	0.10945091	0.7139899	0.999916
ENSMUSG00000104149	4.03388176	-0.005260462	0.12097912	0.4839953	0.999916
ENSMUSG00000025318	358.10474948	0.002289938	0.06490445	0.6972851	0.999916
ENSMUSG00000051703	73.53663737	-0.005565825	0.07545021	0.3683448	0.999916
ENSMUSG00000039419	173.17272125	0.001636851	0.06471467	0.7774288	0.999916
ENSMUSG00000002489	453.11467144	-0.000509163	0.06374148	0.9300836	0.999916
ENSMUSG00000061578	223.90697084	-0.001528833	0.0646548	0.791442	0.999916
ENSMUSG00000052392	7.08923653	-0.0127463	0.16664299	0.1965117	0.999916
ENSMUSG00000105224	5.10295978	-0.002871131	0.10957789	0.6833544	0.999916
ENSMUSG00000041608	15.14656906	-0.002557603	0.07790509	0.6479211	0.999916
ENSMUSG00000092183	9.09943507	0.0004040581	0.0956304	0.9490966	0.999916
ENSMUSG00000056486	1207.07082666	0.002072099	0.0643433	0.7261241	0.999916
ENSMUSG00000092604	6.6799786	0.01602659	0.19561521	0.1633073	0.999916
ENSMUSG00000023045	6.78864949	-0.002079284	0.09895472	0.7478059	0.999916
ENSMUSG00000081854	16.79273235	0.002152226	0.08255823	0.705479	0.999916
ENSMUSG00000000305	125.9512683	-0.004729231	0.07253412	0.432809	0.999916
ENSMUSG00000030898	76.23291241	0.003003196	0.06768591	0.6047347	0.999916
ENSMUSG00000094910	324.58172551	0.000728634	0.06388226	0.8999529	0.999916
ENSMUSG00000066682	15.95500015	0.001640998	0.07908531	0.7679331	0.999916
ENSMUSG00000102938	23.15234138	-0.005262565	0.08704062	0.391951	0.999916
ENSMUSG00000103216	9.0135539	-0.04368471	0.34164817	0.04824787	0.999916
ENSMUSG00000005202	12.0651717	-0.0008586874	0.0773728	0.8755663	0.999916
ENSMUSG00000086308	5.19365117	-0.0003429856	0.09210025	0.9553965	0.999916
ENSMUSG00000091510	8.85276699	-0.002217246	0.08526652	0.7020724	0.999916
ENSMUSG00000091575	19.05819394	0.002440981	0.08921957	0.6823758	0.999916
ENSMUSG00000027820	22.10235442	0.006056692	0.09285821	0.3437933	0.999916
ENSMUSG00000103310	26.67572029	-0.005439672	0.08644863	0.3779663	0.999916
ENSMUSG00000021057	265.58926288	-0.006514043	0.07617543	0.3114387	0.999916
ENSMUSG00000083745	6.38307457	0.01732054	0.19571861	0.1357597	0.999916
ENSMUSG00000042254	153.65132768	0.001275432	0.0672751	0.8175388	0.999916
ENSMUSG00000104108	13.85199523	-0.004775491	0.1057442	0.478054	0.999916
ENSMUSG00000030577	92.69354923	0.01560921	0.16286098	0.1208235	0.999916
ENSMUSG00000099170	8.18250952	0.004222484	0.11054783	0.5461131	0.999916
ENSMUSG00000049971	34.77408374	0.001039123	0.06733236	0.8501921	0.999916
ENSMUSG00000084218	13.91892073	-0.005529067	0.10785816	0.418819	0.999916
ENSMUSG00000069516	4213.74091219	0.003520499	0.07805275	0.5388867	0.999916
ENSMUSG00000000869	9.19264169	0.01485044	0.19038946	0.1835424	0.999916
ENSMUSG00000093758	8.03784875	-0.002667177	0.0928097	0.6634446	0.999916
ENSMUSG00000101452	4.5062089	0.00598451	0.12713593	0.4439987	0.999916
ENSMUSG00000025739	30.56348482	0.03244073	0.23529535	0.039503	0.999916
ENSMUSG00000102895	9.66573795	0.002206115	0.08656812	0.706018	0.999916
ENSMUSG00000026175	5.4885398	-0.0008759498	0.10188193	0.8958065	0.999916
ENSMUSG00000034825	98.36473803	-0.002592068	0.06793618	0.6492895	0.999916
ENSMUSG00000097619	14.65064255	0.001155513	0.08699659	0.8437736	0.999916
ENSMUSG00000024846	6.16032761	0.004209325	0.10008907	0.5150971	0.999916
ENSMUSG00000086820	13.67943333	0.01702015	0.18172567	0.1210273	0.999916
ENSMUSG00000038576	225.96700664	0.002396117	0.06539972	0.6822882	0.999916
ENSMUSG00000038663	21.12213462	-0.007501021	0.11528477	0.301741	0.999916
ENSMUSG00000025938	44.81553413	0.002629605	0.07016071	0.6397986	0.999916
ENSMUSG00000080972	31.93270151	-0.005954796	0.0945139	0.3535622	0.999916
ENSMUSG00000047515	10.14725898	-0.0188113	0.21098785	0.1315913	0.999916
ENSMUSG00000052749	9.9642553	0.00240032	0.09271638	0.6952594	0.999916
ENSMUSG00000102951	12.58922011	-0.04742928	0.36973496	0.04868707	0.999916
ENSMUSG00000049097	74.51777347	0.003217129	0.06893609	0.5780646	0.999916
ENSMUSG00000027335	11.66277479	0.0002575575	0.0751274	0.962072	0.999916
ENSMUSG00000074505	686.56690458	0.001491963	0.06394901	0.7994524	0.999916
ENSMUSG00000091993	4.65797497	0.0009443723	0.09451543	0.8800287	0.999916
ENSMUSG00000029161	41.54939863	0.000372149	0.06630195	0.946256	0.999916
ENSMUSG00000038807	330.062876	0.0002917316	0.06366021	0.9599316	0.999916
ENSMUSG00000082484	13.53217253	-0.02429575	0.23320623	0.08626329	0.999916
ENSMUSG00000078887	57.18637225	0.008139207	0.0901856	0.2323131	0.999916
ENSMUSG00000090264	10.73587267	-0.001601148	0.08028485	0.7748017	0.999916
ENSMUSG00000055761	17.95728293	-0.01101389	0.12408805	0.171656	0.999916
ENSMUSG00000053550	288.20454713	-0.000747609	0.06379867	0.8976143	0.999916
ENSMUSG00000092182	4.36393766	0.001271763	0.10334997	0.8508454	0.999916
ENSMUSG00000101587	15.23051911	-0.001751991	0.08170237	0.7564822	0.999916
ENSMUSG00000104705	6.21242708	0.002208598	0.10138073	0.7378387	0.999916
ENSMUSG00000106121	8.95453036	0.005254033	0.10500811	0.433378	0.999916
ENSMUSG00000042800	7.27914336	-0.003978918	0.1035351	0.5486437	0.999916
ENSMUSG00000107306	4.06658061	0.004717876	0.11630298	0.5173645	0.999916
ENSMUSG00000106773	3.78271498	0.003811395	0.11465517	0.5998437	0.999916
ENSMUSG00000025372	424.62646846	-0.0001194194	0.06378661	0.9835244	0.999916
ENSMUSG00000102994	13.47396448	-0.002207866	0.07980518	0.6940908	0.999916
ENSMUSG00000026715	25.35386473	-0.006274291	0.1046638	0.353448	0.999916
ENSMUSG00000000308	172.52006028	-0.0003454414	0.06438274	0.951708	0.999916
ENSMUSG00000099703	6.09966306	0.007667433	0.12873891	0.3287402	0.999916
ENSMUSG00000039860	71.17557039	0.004447496	0.07189192	0.4566136	0.999916
ENSMUSG00000056656	6.15670112	0.005807482	0.11255882	0.4105729	0.999916
ENSMUSG00000062184	72.07923331	0.0009858716	0.06633046	0.8591974	0.999916
ENSMUSG00000043289	6.76991238	-0.0005868276	0.09116926	0.9231075	0.999916
ENSMUSG00000014030	14.6634839	-0.003249171	0.08934254	0.5874977	0.999916
ENSMUSG00000032561	46.04601854	0.005730508	0.08626727	0.3572088	0.999916
ENSMUSG00000051456	5.46654315	0.0001480613	0.09521921	0.9812724	0.999916
ENSMUSG00000021534	8.13771351	0.002396425	0.08470493	0.6784752	0.999916
ENSMUSG00000087326	10.27389775	0.001671998	0.08980541	0.7803131	0.999916
ENSMUSG00000102449	7.60299325	-0.00338821	0.09711914	0.592368	0.999916
ENSMUSG00000068396	6.42516552	0.0001151206	0.09680411	0.9856464	0.999916
ENSMUSG00000097997	17.35629197	1.915401e-05	0.08169579	0.9972841	0.999916
ENSMUSG00000042282	92.0936484	0.01309271	0.13939733	0.1400523	0.999916
ENSMUSG00000002997	124.11664715	0.003498751	0.06777776	0.5541525	0.999916
ENSMUSG00000021071	548.89044323	0.001758635	0.06427266	0.7644114	0.999916
ENSMUSG00000091154	12.40132652	0.005480799	0.10695989	0.4201237	0.999916
ENSMUSG00000032726	8.57898152	-0.004003582	0.10247478	0.5429108	0.999916
ENSMUSG00000023216	8.6548612	0.0005343859	0.08166342	0.9243441	0.999916
ENSMUSG00000023047	7.06489296	0.007135792	0.1276053	0.3598733	0.999916
ENSMUSG00000035385	122.35756601	0.07154789	0.44205028	0.02491691	0.7893035
ENSMUSG00000035963	4.3293023	-0.002894732	0.10611906	0.6717393	0.999916
ENSMUSG00000087050	14.24238351	0.002603634	0.07795124	0.6423584	0.999916
ENSMUSG00000073486	8.93633855	0.2648534	0.97982368	0.007474713	0.4317746
ENSMUSG00000016349	1026.7764889	0.0004691322	0.06379193	0.9354567	0.999916
ENSMUSG00000063446	27.50246429	-0.001249515	0.06929632	0.8186274	0.999916
ENSMUSG00000097265	16.33927668	0.003614358	0.08052448	0.5313995	0.999916
ENSMUSG00000037982	7.09619699	-0.001715751	0.08715177	0.770044	0.999916
ENSMUSG00000042671	86.70671485	0.001477862	0.06609398	0.7929663	0.999916
ENSMUSG00000103192	78.15375604	-0.0004392832	0.06913585	0.9351789	0.999916
ENSMUSG00000090546	1699.72278028	0.005076117	0.07021711	0.4135725	0.999916
ENSMUSG00000034187	1409.99685335	-0.002800283	0.06629612	0.6325733	0.999916
ENSMUSG00000035373	68.64345483	0.005178313	0.09636836	0.4164946	0.999916
ENSMUSG00000105846	5.54059575	0.001974066	0.09692381	0.7562023	0.999916
ENSMUSG00000046449	115.40765532	-0.003856206	0.0691476	0.5153608	0.999916
ENSMUSG00000034427	5.75387132	-0.001675517	0.09771489	0.7939202	0.999916
ENSMUSG00000096870	77.00198391	-0.0001645397	0.06882018	0.9757026	0.999916
ENSMUSG00000031253	14.46684275	-0.001512796	0.07784745	0.7840765	0.999916
ENSMUSG00000047490	13.03159491	0.00106807	0.08000917	0.8479826	0.999916
ENSMUSG00000073067	10.18954559	-0.004546654	0.09608698	0.4713882	0.999916
ENSMUSG00000022041	6.32242854	0.001478359	0.0904739	0.8063468	0.999916
ENSMUSG00000093436	10.93402205	-0.01046505	0.14312509	0.2258868	0.999916
ENSMUSG00000105553	8.68912561	1.586424e-06	0.08554742	0.9997817	0.999916
ENSMUSG00000086544	14.13700976	-0.007301873	0.10423219	0.2885292	0.999916
ENSMUSG00000089901	13.57087283	0.004249193	0.09574878	0.4988971	0.999916
ENSMUSG00000029765	547.91855999	-0.001046554	0.06380277	0.857717	0.999916
ENSMUSG00000097451	786.73551207	-0.004849612	0.07004276	0.4305385	0.999916
ENSMUSG00000043439	98.01558936	0.002297168	0.06695805	0.6870186	0.999916
ENSMUSG00000054450	11.8021988	0.003952603	0.1017089	0.545812	0.999916
ENSMUSG00000020963	27.50392344	0.001741082	0.0786208	0.7538825	0.999916
ENSMUSG00000032297	33.84135176	-0.004573001	0.07695498	0.4404309	0.999916
ENSMUSG00000028758	40.16809828	0.001756449	0.06963074	0.7493278	0.999916
ENSMUSG00000024274	7.76546243	0.03986805	0.34127059	0.06346777	0.999916
ENSMUSG00000090706	4.97286998	0.003067055	0.10827313	0.6587775	0.999916
ENSMUSG00000091387	18.40670638	0.003532732	0.07793756	0.5375418	0.999916
ENSMUSG00000093536	13.62920673	-0.003252238	0.07969633	0.5691351	0.999916
ENSMUSG00000022479	32.84196624	0.00417558	0.09513438	0.5044854	0.999916
ENSMUSG00000025170	67.69427897	-0.00069047	0.06542078	0.9020104	0.999916
ENSMUSG00000104272	8.16656097	0.003005734	0.08780527	0.6117013	0.999916
ENSMUSG00000063430	201.69566249	0.005495934	0.07225107	0.3789911	0.999916
ENSMUSG00000105676	7.70930589	0.01385139	0.18265379	0.1964592	0.999916
ENSMUSG00000106291	6.7599298	0.001767625	0.08762152	0.7641287	0.999916
ENSMUSG00000086826	23.70495762	0.001959404	0.0735005	0.7209925	0.999916
ENSMUSG00000097305	10.41099999	-0.00332835	0.08937612	0.5787314	0.999916
ENSMUSG00000097636	5.88509325	0.001604217	0.09082822	0.7907682	0.999916
ENSMUSG00000098322	12.31962574	0.001004863	0.08293923	0.8596428	0.999916
ENSMUSG00000085925	116.60242471	-0.009581475	0.09435879	0.1839684	0.999916
ENSMUSG00000041773	1312.24785337	-0.004481438	0.06982826	0.4596174	0.999916
ENSMUSG00000047798	78.75549736	0.002401643	0.07687381	0.666197	0.999916
ENSMUSG00000052616	3.53001357	-0.0004059021	0.10388088	0.9525554	0.999916
ENSMUSG00000091556	3.55853165	0.003609296	0.11621709	0.6247917	0.999916
ENSMUSG00000103560	81.64749885	-0.06228043	0.35404282	0.01813004	0.6687507
ENSMUSG00000102827	8.81107183	0.0001990259	0.08745873	0.9730456	0.999916
ENSMUSG00000010311	9.50935302	-0.004993776	0.10781285	0.464652	0.999916
ENSMUSG00000002341	732.45525815	0.00114589	0.0637442	0.8449176	0.999916
ENSMUSG00000092325	8.01478198	-0.005751654	0.11118204	0.4108056	0.999916
ENSMUSG00000051323	187.64196377	-0.01077106	0.09678857	0.1532202	0.999916
ENSMUSG00000038239	9.17341932	-0.002036604	0.08574764	0.7260133	0.999916
ENSMUSG00000033676	565.08956917	0.003521223	0.06753021	0.5530858	0.999916
ENSMUSG00000090778	9.80628789	-0.007288449	0.12570103	0.343799	0.999916
ENSMUSG00000040728	11.44598496	0.005713606	0.10480483	0.3952579	0.999916
ENSMUSG00000097430	7.14772387	0.006306063	0.110855	0.367631	0.999916
ENSMUSG00000021211	12.46236148	-0.0119031	0.15345005	0.1960815	0.999916
ENSMUSG00000080796	6.86793489	-0.002979278	0.10419679	0.6572717	0.999916
ENSMUSG00000022296	29.46092957	0.003882104	0.07432302	0.502941	0.999916
ENSMUSG00000007480	8.13529765	0.002140809	0.09256943	0.7266773	0.999916
ENSMUSG00000097523	7.39334757	-0.001113124	0.08967548	0.8527092	0.999916
ENSMUSG00000013928	9.83761063	-0.0006810651	0.09197036	0.9114155	0.999916
ENSMUSG00000087644	18.1257632	-0.001006833	0.07212606	0.8521548	0.999916
ENSMUSG00000055972	10.35873579	-0.002391249	0.08815965	0.6861862	0.999916
ENSMUSG00000019888	37.46715301	7.307886e-06	0.06648708	0.9989402	0.999916
ENSMUSG00000102607	9.03601434	0.004747002	0.10273326	0.4715484	0.999916
ENSMUSG00000087700	4.88340274	0.001317187	0.10115385	0.8424949	0.999916
ENSMUSG00000050138	18.59938395	0.00975006	0.11941418	0.2055726	0.999916
ENSMUSG00000107216	6.66297027	-0.002361602	0.09251107	0.6994921	0.999916
ENSMUSG00000027606	6.83855386	0.01221763	0.16056966	0.2007532	0.999916
ENSMUSG00000030270	20.27234926	-0.006609973	0.09602945	0.3137957	0.999916
ENSMUSG00000030092	58.58375632	-0.002901965	0.06940206	0.6104451	0.999916
ENSMUSG00000061577	10.31975549	-0.001448068	0.08558335	0.8028016	0.999916
ENSMUSG00000086385	6.59247227	-0.009854535	0.1512232	0.273663	0.999916
ENSMUSG00000028584	38.72844167	0.03453323	0.25035344	0.03867025	0.999916
ENSMUSG00000086933	18.49334659	-0.01520205	0.17123002	0.1404261	0.999916
ENSMUSG00000091922	14.67032425	-0.0008031913	0.0895053	0.8933387	0.999916
ENSMUSG00000098620	19.90785223	-0.004264719	0.08973663	0.4825957	0.999916
ENSMUSG00000075416	18.30001683	-0.01099432	0.14932069	0.2194308	0.999916
ENSMUSG00000005583	983.83740143	0.0001421851	0.06368629	0.9804391	0.999916
ENSMUSG00000090001	5.21757239	-0.004081661	0.11551605	0.5756794	0.999916
ENSMUSG00000097162	4.57843831	2.522614e-05	0.10131154	0.9969812	0.999916
ENSMUSG00000040856	73.88960116	-0.0009425247	0.07382139	0.8617459	0.999916
ENSMUSG00000040420	43.6635476	-0.001714463	0.07080858	0.7539521	0.999916
ENSMUSG00000023043	23.24930991	0.01412969	0.15676789	0.1415752	0.999916
ENSMUSG00000093402	8.43836055	0.0356642	0.30852189	0.06424575	0.999916
ENSMUSG00000015852	366.31490773	0.001859904	0.07324713	0.7340817	0.999916
ENSMUSG00000006457	4.10547285	-0.002640425	0.10757142	0.7034218	0.999916
ENSMUSG00000074052	6.20720429	-0.00877066	0.14240945	0.3046258	0.999916
ENSMUSG00000091730	16.54960395	-0.01556895	0.17307979	0.1356733	0.999916
ENSMUSG00000087606	19.20696498	-0.003145259	0.08790345	0.5958956	0.999916
ENSMUSG00000038704	20.66999196	0.0002617349	0.07290502	0.9612048	0.999916
ENSMUSG00000105966	25.49372516	-0.007573043	0.11666299	0.3010069	0.999916
ENSMUSG00000043635	38.70783982	-0.003701388	0.07333433	0.521103	0.999916
ENSMUSG00000059742	277.0365549	0.00253403	0.06531538	0.6671394	0.999916
ENSMUSG00000066438	10.22427714	-0.001558378	0.07901781	0.7790859	0.999916
ENSMUSG00000019982	8.20276056	0.006303804	0.10886493	0.362283	0.999916
ENSMUSG00000081238	7.70212937	-0.01415681	0.17824701	0.1782676	0.999916
ENSMUSG00000036196	13.46678471	-0.001805213	0.08205966	0.7499437	0.999916
ENSMUSG00000087012	8.53391952	-0.03106142	0.28247455	0.07369143	0.999916
ENSMUSG00000058046	8.12844133	0.005687537	0.10784691	0.4059557	0.999916
ENSMUSG00000035262	9.9661151	0.0006547539	0.07945554	0.9060107	0.999916
ENSMUSG00000068259	6.41858137	0.000192479	0.09311585	0.9751895	0.999916
ENSMUSG00000026611	24.84436555	-0.005012556	0.09566656	0.4287389	0.999916
ENSMUSG00000097429	11.01851364	-0.002964308	0.0931283	0.6294197	0.999916
ENSMUSG00000101191	6.02219791	-0.003120874	0.10053532	0.6314963	0.999916
ENSMUSG00000081249	4.6778904	0.001643784	0.09603747	0.7948392	0.999916
ENSMUSG00000092051	14.96312838	-0.004109518	0.0902093	0.4987186	0.999916
ENSMUSG00000078922	639.08563765	0.007171248	0.1014355	0.2905741	0.999916
ENSMUSG00000026697	547.1435819	0.007203946	0.08297477	0.2719122	0.999916
ENSMUSG00000061576	370.04498887	-0.0009720862	0.06443544	0.8655125	0.999916
ENSMUSG00000095651	16.55606102	0.003702463	0.08126437	0.5232227	0.999916
ENSMUSG00000030653	543.33512089	-0.0004818816	0.06353382	0.9341905	0.999916
ENSMUSG00000050520	13.14724764	-0.01228952	0.16587279	0.2101459	0.999916
ENSMUSG00000086121	4.14852123	0.002527004	0.10354423	0.706264	0.999916
ENSMUSG00000027456	14.01465078	-0.004794406	0.10756109	0.4819763	0.999916
ENSMUSG00000102651	23.78181083	-0.01008925	0.12387577	0.2009732	0.999916
ENSMUSG00000097053	10.48995778	0.001341737	0.08769989	0.8199802	0.999916
ENSMUSG00000022422	7.31238923	0.006619731	0.12363211	0.3835903	0.999916
ENSMUSG00000062794	12.32576224	-0.001314422	0.07599881	0.8100143	0.999916
ENSMUSG00000037759	12.71623269	0.0001345165	0.08581465	0.9815294	0.999916
ENSMUSG00000053830	12.20254419	-0.003665063	0.09671888	0.5613167	0.999916
ENSMUSG00000057924	12.62482765	0.00157969	0.08727594	0.7880249	0.999916
ENSMUSG00000020609	5.64124226	0.002136832	0.10607481	0.7561438	0.999916
ENSMUSG00000085788	11.60154906	-0.005666667	0.10719968	0.4057366	0.999916
ENSMUSG00000087481	10.91294828	0.008726101	0.12917918	0.2703817	0.999916
ENSMUSG00000074345	32.19030423	0.002891179	0.07062416	0.6092179	0.999916
ENSMUSG00000084897	18.68141006	0.0124665	0.15471266	0.1808422	0.999916
ENSMUSG00000091570	14.17415622	-0.00310736	0.08468702	0.5933811	0.999916
ENSMUSG00000106490	93.39452024	-0.005847892	0.09384147	0.3598093	0.999916
ENSMUSG00000081798	15.18023837	-0.007395231	0.11337397	0.3032174	0.999916
ENSMUSG00000070687	11.02430507	0.004152204	0.08714305	0.488054	0.999916
ENSMUSG00000085110	15.40876862	-0.0005474068	0.08190263	0.9226398	0.999916
ENSMUSG00000021719	494.06187629	0.0005338888	0.06384324	0.9265144	0.999916
ENSMUSG00000054622	11.20568882	0.000869708	0.08019296	0.876023	0.999916
ENSMUSG00000102243	13.54587634	-0.0004832318	0.0794275	0.9305228	0.999916
ENSMUSG00000091530	4.69820426	0.0007526517	0.09887367	0.9079841	0.999916
ENSMUSG00000105906	64.40264338	4.214021	1.94649462	4.310622e-05	0.008466062
ENSMUSG00000024521	38.55054046	-0.0008183287	0.07709698	0.8811839	0.999916
ENSMUSG00000025473	77.52790686	-0.006769539	0.09915367	0.309592	0.999916
ENSMUSG00000092448	4.7470288	-0.005523607	0.12024282	0.4588729	0.999916
ENSMUSG00000033730	59.84702608	0.001067793	0.06678065	0.8470336	0.999916
ENSMUSG00000029752	141.07254847	-0.002488285	0.0674476	0.6628457	0.999916
ENSMUSG00000104540	17.69970378	-0.02783643	0.25897065	0.07846094	0.999916
ENSMUSG00000101304	5.96587074	0.003158759	0.10687337	0.6450251	0.999916
ENSMUSG00000055456	4.74981094	0.005624034	0.12780129	0.4758711	0.999916
ENSMUSG00000033847	16.92262494	0.01117497	0.12648781	0.1704638	0.999916
ENSMUSG00000056888	48.81186426	0.004843797	0.09641921	0.4452683	0.999916
ENSMUSG00000068154	48.2212981	0.001359033	0.06649482	0.8077693	0.999916
ENSMUSG00000038152	10.09442423	-0.00208335	0.08930188	0.7270096	0.999916
ENSMUSG00000031257	12.88794454	0.00328625	0.08393379	0.5718056	0.999916
ENSMUSG00000078502	39.73184236	0.00327754	0.08593066	0.5766834	0.999916
ENSMUSG00000046442	676.16292459	-0.0004088806	0.06387122	0.9435851	0.999916
ENSMUSG00000021701	353.96670855	-0.0002896035	0.06384439	0.9600232	0.999916
ENSMUSG00000081978	17.98612222	-0.006384808	0.107829	0.3538134	0.999916
ENSMUSG00000093540	35.84777432	-0.009303278	0.12078847	0.2253243	0.999916
ENSMUSG00000036151	8.03350935	-0.009317924	0.13911546	0.2667942	0.999916
